{"cameraMode":{"drawMode":0,"name":"Shaded","section":"Shading Mode"},"sceneLighting":false,"audioPlay":false,"sceneViewState":{"showFog":true,"showMaterialUpdate":false,"showSkybox":false,"showFlares":true,"showImageEffects":true,"showParticleSystems":true},"in2DMode":false,"pivot":{"x":-1.1027100086212159,"y":0.3657606840133667,"z":-2.192352294921875},"rotation":{"x":-0.47370511293411257,"y":0.0309002585709095,"z":-0.016627894714474679,"w":-0.880016028881073},"size":0.8660253882408142,"orthographic":false}